Date,Study_Turbidity_NTU,Nitrate_mgL,Nitrite_mgL,Ammonium_mgL,Calcium_mgL,Magnesium_mgL,EO_Chlorophyll_A,EO_Turbidity,EO_Surface_Temp,EO_Total_Suspended_Matter,Is_Study_Actual,Is_EO_Actual
2026-01-01,4.09605698361348,1.444670515536347,0.0877237180242106,0.1328276804316915,49.770008817466014,9.5044336360703,1.7644808471908386,3.973511951439288,-1.9013414092380745,9.021929403496475,1,1
2026-01-02,3.9872035343250656,1.4686318431737804,0.08283340920027146,0.12117599986839755,49.55385845161787,10.327346346326438,1.8347896714884344,4.292598716370579,-1.6223956170165352,9.938271876095548,0,0
2026-01-03,3.8783500850366512,1.4925931708112137,0.07794310037633234,0.10952431930510362,49.33770808576972,11.150259056582577,1.9050984957860304,4.611685481301869,-1.343449824794996,10.85461434869462,0,0
2026-01-04,3.7694966357482365,1.516554498448647,0.07305279155239322,0.09787263874180967,49.121557719921576,11.973171766838714,1.9754073200836262,4.930772246233159,-1.0645040325734567,11.770956821293693,0,0
2026-01-05,3.660643186459822,1.5405158260860805,0.06816248272845409,0.08622095817851573,48.905407354073425,12.796084477094855,2.045716144381222,5.24985901116445,-0.7855582403519175,12.687299293892764,0,0
2026-01-06,3.5517897371714073,1.5644771537235138,0.06327217390451495,0.0745692776152218,48.68925698822528,13.618997187350992,2.116024968678818,5.56894577609574,-0.5066124481303782,13.603641766491837,0,1
2026-01-07,3.4429362878829926,1.5884384813609471,0.05838186508057583,0.06291759705192784,48.47310662237713,14.44190989760713,1.9480115407933218,5.235412165299625,-0.7880163239500193,12.638068189380538,0,0
2026-01-08,3.334082838594578,1.6123998089983804,0.0534915562566367,0.0512659164886339,48.25695625652899,15.26482260786327,1.779998112907826,4.901878554503509,-1.0694201997696604,11.67249461226924,1,0
2026-01-09,3.4688176110411857,1.6067015573766803,0.053728620764896484,0.0638499613027037,47.56648447371032,14.38980755589405,1.6119846850223298,4.568344943707394,-1.3508240755893017,10.706921035157942,0,0
2026-01-10,3.603552383487793,1.60100330575498,0.053965685273156275,0.07643400611677352,46.87601269089164,13.514792503924832,1.443971257136834,4.234811332911279,-1.6322279514089428,9.741347458046643,0,0
2026-01-11,3.7382871559344006,1.5953050541332798,0.05420274978141606,0.08901805093084333,46.18554090807297,12.639777451955613,1.2759578292513378,3.901277722115163,-1.913631827228584,8.775773880935345,0,1
2026-01-12,3.873021928381008,1.5896068025115797,0.05443981428967584,0.10160209574491315,45.4950691252543,11.764762399986394,1.2800198859634146,4.499246555156726,-2.0844956046515573,7.797744383641564,0,0
2026-01-13,4.007756700827616,1.5839085508898796,0.054676878797935625,0.11418614055898296,44.80459734243563,10.889747348017174,1.2840819426754917,5.09721538819829,-2.2553593820745306,6.819714886347782,0,0
2026-01-14,4.142491473274223,1.5782102992681792,0.054913943306195416,0.12677018537305276,44.11412555961695,10.014732296047956,1.2881439993875685,5.695184221239853,-2.4262231594975043,5.8416853890540015,0,0
2026-01-15,4.277226245720831,1.5725120476464791,0.0551510078144552,0.1393542301871226,43.42365377679828,9.139717244078737,1.2922060560996456,6.293153054281417,-2.5970869369204777,4.86365589176022,1,0
2026-01-16,4.42728475743066,1.4713407537985457,0.05420244693877254,0.14200788001044368,44.19096696617943,9.422602070154065,1.2962681128117224,6.8911218873229805,-2.767950714343451,3.8856263944664384,0,1
2026-01-17,4.5773432691404885,1.370169459950612,0.05325388606308989,0.14466152983376476,44.95828015556059,9.705486896229392,1.3651700681241343,6.799499762591346,-2.2565717756344057,4.503649329022708,0,0
2026-01-18,4.727401780850316,1.2689981661026786,0.05230532518740723,0.14731517965708585,45.725593344941736,9.98837172230472,1.4340720234365463,6.707877637859711,-1.74519283692536,5.121672263578978,0,0
2026-01-19,4.877460292560145,1.1678268722547451,0.05135676431172457,0.14996882948040693,46.492906534322884,10.271256548380048,1.5029739787489582,6.616255513128076,-1.2338138982163145,5.739695198135248,0,0
2026-01-20,5.027518804269974,1.0666555784068117,0.05040820343604191,0.15262247930372802,47.26021972370403,10.554141374455376,1.5718759340613702,6.524633388396441,-0.722434959507269,6.357718132691518,0,0
2026-01-21,5.177577315979803,0.965484284558878,0.04945964256035926,0.1552761291270491,48.02753291308519,10.837026200530703,1.640777889373782,6.433011263664806,-0.2110560207982239,6.975741067247788,0,1
2026-01-22,5.327635827689631,0.8643129907109446,0.0485110816846766,0.1579297789503702,48.79484610246634,11.119911026606031,1.691277596327841,5.831719766388122,-0.35602639172222106,6.458117701182717,1,0
2026-01-23,5.026404416638541,0.8945989991321688,0.043241580828868385,0.14379207968351937,47.70070722030145,11.28299247345834,1.7417773032819,5.23042826911144,-0.5009967626462182,5.940494335117646,0,0
2026-01-24,4.72517300558745,0.9248850075533931,0.037972079973060166,0.12965438041666855,46.60656833813657,11.446073920310646,1.7922770102359586,4.629136771834756,-0.6459671335702154,5.422870969052575,0,0
2026-01-25,4.42394159453636,0.9551710159746173,0.032702579117251954,0.11551668114981771,45.512429455971684,11.609155367162954,1.8427767171900176,4.027845274558073,-0.7909375044942126,4.905247602987504,0,0
2026-01-26,4.122710183485269,0.9854570243958415,0.02743307826144374,0.10137898188296689,44.41829057380679,11.77223681401526,1.8932764241440765,3.4265537772813897,-0.9359078754182096,4.3876242369224325,0,1
2026-01-27,3.8214787724341783,1.0157430328170658,0.02216357740563553,0.08724128261611606,43.32415169164191,11.935318260867568,1.9457118958750617,3.792714307111418,-1.182275571789931,5.2991912991131604,0,0
2026-01-28,3.5202473613830874,1.04602904123829,0.01689407654982731,0.07310358334926523,42.230012809477024,12.098399707719874,1.9981473676060468,4.158874836941447,-1.4286432681616523,6.210758361303888,0,0
2026-01-29,3.219015950331997,1.0763150496595142,0.0116245756940191,0.0589658840824144,41.13587392731214,12.261481154572182,2.050582839337032,4.525035366771476,-1.6750109645333735,7.122325423494617,1,0
2026-01-30,3.2190187648075663,1.1129136672169302,0.017031025236447173,0.07170915870810034,41.518735790024685,12.635919072223619,2.103018311068017,4.891195896601505,-1.921378660905095,8.033892485685346,0,0
2026-01-31,3.219021579283136,1.149512284774346,0.02243747477887524,0.08445243333378628,41.90159765273723,13.010356989875053,2.155453782799002,5.257356426431533,-2.1677463572768163,8.945459547876073,0,1
2026-02-01,3.2190243937587053,1.186110902331762,0.027843924321303313,0.09719570795947222,42.284459515449775,13.384794907526489,2.2718986479341567,5.159497926020771,-1.913020052941091,9.167418665814589,0,0
2026-02-02,3.2190272082342752,1.2227095198891778,0.03325037386373138,0.10993898258515816,42.66732137816233,13.759232825177925,2.388343513069312,5.061639425610008,-1.658293748605366,9.389377783753106,0,0
2026-02-03,3.2190300227098447,1.2593081374465938,0.038656823406159446,0.12268225721084411,43.05018324087487,14.133670742829361,2.5047883782044664,4.963780925199246,-1.4035674442696409,9.611336901691622,0,0
2026-02-04,3.219032837185414,1.2959067550040095,0.04406327294858753,0.13542553183653006,43.43304510358742,14.508108660480795,2.6212332433396215,4.865922424788483,-1.1488411399339156,9.83329601963014,0,0
2026-02-05,3.2190356516609837,1.3325053725614255,0.0494697224910156,0.148168806462216,43.81590696629996,14.882546578132231,2.737678108474776,4.768063924377721,-0.8941148355981904,10.055255137568656,1,1
2026-02-06,3.529895612653539,1.3693214694596425,0.04971756273498772,0.1442359835885887,43.63837486552204,14.060507880919216,2.6759084491000227,4.985040606761881,-0.9299765388215707,11.050066497420094,0,0
2026-02-07,3.840755573646094,1.4061375663578592,0.04996540297895986,0.1403031607149614,43.46084276474411,13.2384691837062,2.6141387897252697,5.202017289146042,-0.9658382420449511,12.044877857271533,0,0
2026-02-08,4.151615534638649,1.4429536632560762,0.05021324322293198,0.1363703378413341,43.28331066396618,12.416430486493184,2.5523691303505163,5.4189939715302025,-1.0016999452683313,13.039689217122971,0,0
2026-02-09,4.462475495631204,1.479769760154293,0.050461083466904116,0.1324375149677068,43.10577856318826,11.59439178928017,2.4905994709757633,5.635970653914362,-1.0375616484917116,14.03450057697441,0,0
2026-02-10,4.77333545662376,1.51658585705251,0.05070892371087624,0.1285046920940795,42.928246462410335,10.772353092067153,2.42882981160101,5.852947336298523,-1.073423351715092,15.029311936825849,0,1
2026-02-11,5.084195417616314,1.5534019539507267,0.050956763954848376,0.1245718692204522,42.750714361632404,9.950314394854137,2.327069996284465,5.152880830864786,-1.0585652391841647,14.219605973719176,0,0
2026-02-12,5.39505537860887,1.5902180508489436,0.0512046041988205,0.1206390463468249,42.57318226085448,9.128275697641122,2.2253101809679205,4.452814325431051,-1.0437071266532372,13.409900010612505,1,0
2026-02-13,5.255893420948102,1.5070912299936494,0.0580703524918041,0.12356246944009627,42.97835203743693,9.870854527165235,2.1235503656513757,3.7527478199973148,-1.02884901412231,12.600194047505832,0,0
2026-02-14,5.116731463287333,1.4239644091383552,0.0649361007847877,0.12648589253336764,43.383521814019375,10.61343335668935,2.0217905503348312,3.052681314563579,-1.0139909015913826,11.790488084399161,0,0
2026-02-15,4.9775695056265645,1.340837588283061,0.0718018490777713,0.12940931562663902,43.78869159060182,11.356012186213464,1.9200307350182864,2.352614809129843,-0.9991327890604552,10.980782121292489,0,1
2026-02-16,4.8384075479657955,1.2577107674277666,0.0786675973707549,0.1323327387199104,44.19386136718427,12.098591015737577,1.9341229672243603,2.847907285303406,-0.4068037322137682,10.653165379748673,0,0
2026-02-17,4.699245590305027,1.1745839465724726,0.0855333456637385,0.13525616181318176,44.599031143766716,12.841169845261692,1.948215199430434,3.3431997614769693,0.18552532463291882,10.325548638204857,0,0
2026-02-18,4.560083632644258,1.0914571257171781,0.0923990939567221,0.13817958490645313,45.00420092034916,13.583748674785806,1.962307431636508,3.838492237650532,0.7778543814796058,9.99793189666104,0,0
2026-02-19,4.42092167498349,1.008330304861884,0.0992648422497057,0.1411030079997245,45.40937069693161,14.32632750430992,1.9763996638425816,4.3337847138240955,1.370183438326293,9.670315155117224,1,0
2026-02-20,4.208880112397,1.0251026055008252,0.09167740488608739,0.1487796710187206,47.004216716422455,13.996918735414098,1.9904918960486555,4.829077189997658,1.9625124951729795,9.342698413573409,0,1
2026-02-21,3.9968385498105095,1.0418749061397665,0.08408996752246907,0.15645633403771672,48.59906273591331,13.667509966518278,1.8921405803751434,4.940789098053003,2.302966682895609,9.971802079568821,0,0
2026-02-22,3.784796987224019,1.0586472067787078,0.07650253015885075,0.16413299705671286,50.19390875540415,13.338101197622457,1.7937892647016316,5.052501006108348,2.6434208706182387,10.600905745564233,0,0
2026-02-23,3.5727554246375286,1.0754195074176491,0.06891509279523245,0.17180966007570897,51.788754774895004,13.008692428726636,1.6954379490281195,5.164212914163692,2.983875058340868,11.230009411559646,0,0
2026-02-24,3.360713862051038,1.0921918080565904,0.06132765543161413,0.17948632309470508,53.38360079438585,12.679283659830816,1.5970866333546074,5.275924822219038,3.3243292460634972,11.859113077555056,0,0
2026-02-25,3.1486722994645477,1.1089641086955317,0.05374021806799581,0.1871629861137012,54.9784468138767,12.349874890934995,1.4987353176810956,5.387636730274382,3.664783433786127,12.488216743550469,0,1
2026-02-26,2.9366307368780573,1.125736409334473,0.0461527807043775,0.1948396491326973,56.573292833367546,12.020466122039174,1.5971369405456375,4.542487538292571,3.1592010360069915,10.663892209435645,1,0
2026-02-27,3.110122353367357,1.0731263523434895,0.047563947296133884,0.1795383555708629,53.58620443389236,11.737111347162735,1.6955385634101794,3.6973383463107607,2.6536186382278557,8.839567675320819,0,0
2026-02-28,3.2836139698566575,1.020516295352506,0.04897511388789027,0.16423706200902846,50.59911603441718,11.453756572286295,1.7939401862747213,2.8521891543289497,2.14803624044872,7.015243141205994,0,0
2026-03-01,3.4571055863459574,0.9679062383615226,0.05038628047964666,0.14893576844719406,47.612027634941995,11.170401797409856,1.8923418091392632,2.007039962347139,1.6424538426695845,5.190918607091169,0,0
2026-03-02,3.6305972028352573,0.9152961813705391,0.05179744707140305,0.13363447488535965,44.62493923546681,10.887047022533414,1.990743432003805,1.1618907703653285,1.1368714448904491,3.366594072976344,0,1
2026-03-03,3.8040888193245577,0.8626861243795556,0.05320861366315943,0.11833318132352523,41.63785083599163,10.603692247656975,1.9637288817110303,1.3345350624925303,1.6962462516481864,4.834643993246216,0,0
2026-03-04,3.9775804358138576,0.8100760673885721,0.05461978025491582,0.10303188776169081,38.650762436516445,10.320337472780535,1.9367143314182553,1.507179354619732,2.2556210584059238,6.302693913516086,0,0
2026-03-05,4.1510720523031575,0.7574660103975887,0.0560309468466722,0.0877305941998564,35.66367403704126,10.036982697904095,1.9096997811254806,1.6798236467469336,2.8149958651636613,7.770743833785957,1,0
2026-03-06,3.978618726063427,0.7523304875361805,0.05507020652656119,0.08409953671160914,37.48762073916002,10.449443305135873,1.8826852308327056,1.8524679388741354,3.3743706719213984,9.238793754055829,0,0
2026-03-07,3.806165399823697,0.7471949646747724,0.05410946620645017,0.08046847922336187,39.311567441278775,10.861903912367652,1.8556706805399308,2.025112231001337,3.933745478679136,10.7068436743257,0,1
2026-03-08,3.6337120735839665,0.7420594418133643,0.053148725886339156,0.07683742173511458,41.135514143397536,11.274364519599429,1.9168084004657535,1.7683201314730395,3.867906652841051,11.02799405579274,0,0
2026-03-09,3.461258747344236,0.7369239189519561,0.05218798556622815,0.07320636424686731,42.95946084551629,11.686825126831208,1.9779461203915765,1.5115280319447417,3.802067827002966,11.349144437259781,0,0
2026-03-10,3.288805421104506,0.7317883960905479,0.05122724524611713,0.06957530675862005,44.78340754763505,12.099285734062985,2.0390838403173994,1.2547359324164442,3.7362290011648818,11.67029481872682,0,0
2026-03-11,3.1163520948647756,0.7266528732291399,0.050266504926006116,0.06594424927037278,46.60735424975381,12.511746341294764,2.100221560243222,0.9979438328881465,3.670390175326797,11.99144520019386,0,0
2026-03-12,2.9438987686250453,0.7215173503677317,0.0493057646058951,0.0623131917821255,48.431300951872565,12.92420694852654,2.161359280169045,0.7411517333598487,3.604551349488712,12.3125955816609,1,1
2026-03-13,2.9435024153522806,0.8363020615948671,0.046065860983282844,0.06134334703021097,46.78917519361245,12.849051583186597,2.046364329780004,1.2720993363545117,3.8226448287436954,10.962924717860815,0,0
2026-03-14,2.9431060620795155,0.9510867728220025,0.04282595736067059,0.060373502278296444,45.14704943535233,12.773896217846655,1.9313693793909623,1.8030469393491744,4.040738307998678,9.61325385406073,0,0
2026-03-15,2.942709708806751,1.0658714840491377,0.03958605373805833,0.059403657526381916,43.504923677092215,12.698740852506711,1.816374429001921,2.333994542343837,4.258831787253662,8.263582990260646,0,0
2026-03-16,2.942313355533986,1.1806561952762733,0.03634615011544607,0.05843381277446739,41.862797918832094,12.62358548716677,1.7013794786128797,2.8649421453385,4.476925266508645,6.913912126460561,0,0
2026-03-17,2.9419170022612215,1.2954409065034085,0.033106246492833814,0.05746396802255286,40.22067216057198,12.548430121826826,1.5863845282238385,3.395889748333163,4.695018745763628,5.564241262660476,0,1
2026-03-18,2.9415206489884564,1.410225617730544,0.02986634287022156,0.05649412327063833,38.57854640231186,12.473274756486884,1.7210422740031879,3.691974475405319,4.866489023701454,7.137645436052538,0,0
2026-03-19,2.941124295715692,1.5250103289576793,0.0266264392476093,0.0555242785187238,36.93642064405174,12.39811939114694,1.8557000197825375,3.9880592024774755,5.03795930163928,8.7110496094446,1,0
2026-03-20,3.062442928596199,1.556079712167772,0.03323072739656517,0.05605073669486726,37.751266362194755,12.16975465608058,1.990357765561887,4.284143929549631,5.209429579577106,10.284453782836662,0,0
2026-03-21,3.1837615614767056,1.5871490953778649,0.03983501554552104,0.05657719487101072,38.56611208033777,11.941389921014217,2.1250155113412363,4.580228656621788,5.380899857514932,11.857857956228724,0,0
2026-03-22,3.305080194357213,1.6182184785879576,0.04643930369447691,0.057103653047154174,39.38095779848078,11.713025185947856,2.259673257120586,4.876313383693944,5.552370135452758,13.431262129620787,0,1
2026-03-23,3.42639882723772,1.6492878617980506,0.05304359184343278,0.05763011122329763,40.1958035166238,11.484660450881494,2.3610124969967266,5.1117578225839635,5.696283316011963,12.94810754819328,0,0
2026-03-24,3.5477174601182266,1.6803572450081434,0.05964787999238866,0.05815656939944108,41.01064923476681,11.256295715815133,2.462351736872867,5.347202261473983,5.840196496571168,12.46495296676577,0,0
2026-03-25,3.669036092998734,1.7114266282182362,0.06625216814134452,0.058683027575584544,41.82549495290982,11.02793098074877,2.5636909767490077,5.582646700364003,5.984109677130372,11.981798385338262,0,0
2026-03-26,3.790354725879241,1.742496011428329,0.0728564562903004,0.059209485751728,42.64034067105283,10.79956624568241,2.6650302166251483,5.818091139254022,6.128022857689578,11.498643803910753,1,0
2026-03-27,3.4208845802408696,1.6608817171339771,0.07173962834221968,0.06448597557709468,43.75525671587912,10.991000234867785,2.766369456501289,6.053535578144042,6.271936038248782,11.015489222483245,0,1
2026-03-28,3.0514144346024983,1.5792674228396255,0.07062280039413897,0.06976246540246137,44.8701727607054,11.18243422405316,2.602219550355345,5.6250568966411665,6.656911986593716,10.563218629646116,0,0
2026-03-29,2.6819442889641274,1.4976531285452737,0.06950597244605826,0.07503895522782805,45.98508880553169,11.373868213238536,2.438069644209402,5.196578215138291,7.041887934938651,10.110948036808985,0,0
2026-03-30,2.312474143325756,1.4160388342509218,0.06838914449797753,0.08031544505319474,47.100004850357976,11.56530220242391,2.273919738063458,4.768099533635414,7.426863883283585,9.658677443971856,0,0
2026-03-31,1.9430039976873847,1.33442453995657,0.06727231654989682,0.08559193487856143,48.214920895184264,11.756736191609285,2.1097698319175144,4.339620852132539,7.81183983162852,9.206406851134725,0,0
2026-04-01,1.5735338520490139,1.2528102456622183,0.06615548860181611,0.09086842470392811,49.329836940010544,11.94817018079466,1.9456199257715712,3.911142170629663,8.196815779973454,8.754136258297596,0,1
2026-04-02,1.2040637064106423,1.1711959513678665,0.0650386606537354,0.0961449145292948,50.44475298483683,12.139604169980036,1.9966671128271511,4.377498400175118,8.226136776370987,9.382978126301849,1,0
2026-04-03,1.2363544056354592,1.2326555524805727,0.06515037183761047,0.09913244084522871,49.71284542921404,12.009571118022384,2.047714299882731,4.843854629720573,8.255457772768521,10.0118199943061,0,0
2026-04-04,1.268645104860276,1.2941151535932789,0.06526208302148555,0.10211996716116263,48.98093787359126,11.879538066064734,2.0987614869383107,5.310210859266028,8.284778769166056,10.640661862310353,0,0
2026-04-05,1.3009358040850931,1.355574754705985,0.06537379420536062,0.10510749347709654,48.24903031796847,11.749505014107083,2.1498086739938906,5.776567088811483,8.31409976556359,11.269503730314604,0,0
2026-04-06,1.33322650330991,1.417034355818691,0.06548550538923568,0.10809501979303046,47.517122762345686,11.619471962149433,2.2008558610494706,6.2429233183569375,8.343420761961124,11.898345598318857,0,1
2026-04-07,1.3655172025347269,1.4784939569313973,0.06559721657311075,0.11108254610896437,46.785215206722896,11.489438910191781,2.2296990880106877,5.340308217221082,8.77014002949887,12.881092193337723,0,0
2026-04-08,1.3978079017595437,1.5399535580441035,0.06570892775698584,0.11407007242489828,46.05330765110011,11.35940585823413,2.258542314971905,4.437693116085228,9.196859297036617,13.86383878835659,0,0
2026-04-09,1.4300986009843606,1.6014131591568097,0.0658206389408609,0.1170575987408322,45.32140009547732,11.22937280627648,2.287385541933122,3.535078014949373,9.623578564574363,14.846585383375455,1,0
2026-04-10,1.6294066529738567,1.5647333378514159,0.060962297792752945,0.11659716177307058,44.50566809760249,11.371895932594482,2.316228768894339,2.6324629138135176,10.05029783211211,15.829331978394322,0,0
2026-04-11,1.8287147049633528,1.5280535165460223,0.05610395664464499,0.11613672480530897,43.68993609972765,11.514419058912484,2.345071995855556,1.7298478126776629,10.477017099649856,16.81207857341319,0,1
2026-04-12,2.028022756952849,1.4913736952406285,0.05124561549653703,0.11567628783754735,42.87420410185282,11.656942185230486,2.2359355494958613,1.6328635183355837,10.619010131703902,15.558782611765649,0,0
2026-04-13,2.2273308089423445,1.4546938739352349,0.04638727434842907,0.11521585086978575,42.05847210397798,11.79946531154849,2.1267991031361664,1.5358792239935046,10.761003163757946,14.305486650118107,0,0
2026-04-14,2.426638860931841,1.418014052629841,0.04152893320032111,0.11475541390202414,41.24274010610314,11.941988437866492,2.0176626567764715,1.4388949296514255,10.902996195811992,13.052190688470567,0,0
2026-04-15,2.6259469129213366,1.3813342313244474,0.03667059205221316,0.11429497693426252,40.42700810822831,12.084511564184494,1.9085262104167768,1.3419106353093466,11.044989227866036,11.798894726823026,0,0
2026-04-16,2.8252549649108327,1.3446544100190536,0.0318122509041052,0.1138345399665009,39.61127611035347,12.227034690502496,1.799389764057082,1.2449263409672675,11.186982259920082,10.545598765175486,1,1
2026-04-17,2.748018920723384,1.2871255083246103,0.03841848452047902,0.11776662889297237,39.87016258797443,12.383781356008152,1.8619210594267073,1.7392767631048285,11.35354030218657,10.58541136392059,0,0
2026-04-18,2.6707828765359354,1.229596606630167,0.04502471813685283,0.12169871781944384,40.12904906559538,12.54052802151381,1.9244523547963326,2.2336271852423892,11.520098344453057,10.625223962665695,0,0
2026-04-19,2.5935468323484865,1.1720677049357235,0.05163095175322664,0.1256308067459153,40.38793554321634,12.697274687019465,1.986983650165958,2.72797760737995,11.686656386719545,10.6650365614108,0,0
2026-04-20,2.516310788161038,1.1145388032412802,0.05823718536960046,0.12956289567238677,40.6468220208373,12.854021352525121,2.0495149455355834,3.222328029517511,11.853214428986032,10.704849160155904,0,0
2026-04-21,2.439074743973589,1.0570099015468368,0.06484341898597427,0.13349498459885825,40.90570849845825,13.010768018030777,2.1120462409052085,3.716678451655072,12.01977247125252,10.744661758901008,0,1
2026-04-22,2.3618386997861407,0.9994809998523936,0.07144965260234809,0.13742707352532973,41.16459497607921,13.167514683536435,2.090896232802346,3.8485623960058497,12.08700482267555,10.320112867396661,0,0
2026-04-23,2.284602655598692,0.9419520981579502,0.0780558862187219,0.1413591624518012,41.42348145370016,13.324261349042091,2.0697462246994838,3.9804463403566275,12.15423717409858,9.895563975892312,1,0
2026-04-24,2.5121018189580684,0.9994672615930096,0.07004261372235511,0.1355435813292432,42.419839638124905,13.588228818077607,2.048596216596622,4.112330284707405,12.221469525521607,9.471015084387965,0,0
2026-04-25,2.7396009823174454,1.0569824250280688,0.062029341225988306,0.12972800020668523,43.416197822549655,13.852196287113124,2.0274462084937594,4.2442142290581835,12.288701876944637,9.046466192883615,0,0
2026-04-26,2.967100145676822,1.114497588463128,0.0540160687296215,0.12391241908412724,44.4125560069744,14.116163756148639,2.006296200390897,4.376098173408961,12.355934228367667,8.621917301379268,0,1
2026-04-27,3.1945993090361986,1.1720127518981875,0.046002796233254706,0.11809683796156925,45.40891419139914,14.380131225184156,2.014804570167601,4.25107011429894,12.61821580980376,8.38762721942454,0,0
2026-04-28,3.422098472395575,1.2295279153332468,0.03798952373688791,0.11228125683901127,46.405272375823884,14.644098694219672,2.023312939944305,4.126042055188921,12.880497391239851,8.15333713746981,0,0
2026-04-29,3.649597635754952,1.2870430787683063,0.029976251240521105,0.1064656757164533,47.401630560248634,14.908066163255189,2.0318213097210083,4.001013996078901,13.142778972675945,7.919047055515081,0,0
2026-04-30,3.877096799114329,1.3445582422033655,0.0219629787441543,0.1006500945938953,48.39798874467338,15.172033632290704,2.040329679497712,3.8759859369688807,13.405060554112037,7.6847569735603525,1,0
2026-05-01,3.6675645577229314,1.4117948685437973,0.027645002048704456,0.11093961020303394,47.390871329922085,14.365224399441503,2.048838049274416,3.750957877858861,13.667342135548129,7.450466891605624,0,1
2026-05-02,3.458032316331534,1.4790314948842291,0.033327025353254616,0.12122912581217259,46.383753915170786,13.558415166592303,1.9617694610339862,3.140533672275126,14.12361337572469,8.458575003211045,0,0
2026-05-03,3.2485000749401367,1.546268121224661,0.039009048657804773,0.13151864142131123,45.376636500419494,12.751605933743102,1.8747008727935563,2.5301094666913904,14.57988461590125,9.466683114816469,0,0
2026-05-04,3.0389678335487393,1.6135047475650928,0.04469107196235493,0.14180815703044986,44.3695190856682,11.944796700893901,1.7876322845531265,1.9196852611076551,15.036155856077809,10.47479122642189,0,0
2026-05-05,2.829435592157342,1.6807413739055246,0.05037309526690509,0.1520976726395885,43.36240167091691,11.1379874680447,1.7005636963126967,1.30926105552392,15.492427096254369,11.482899338027313,0,0
2026-05-06,2.6199033507659446,1.7479780002459562,0.056055118571455245,0.16238718824872717,42.35528425616561,10.3311782351955,1.6134951080722668,0.6988368499401849,15.94869833643093,12.491007449632736,0,1
2026-05-07,2.4103711093745472,1.815214626586388,0.0617371418760054,0.1726767038578658,41.34816684141432,9.5243690023463,1.6932471038837078,1.2923334680983114,16.079952371914672,11.479155664160869,1,0
2026-05-08,2.3239231735207047,1.7252796205534782,0.0663188519674617,0.1604039116407567,42.024470570913685,10.487468680484332,1.7729990996951488,1.885830086256438,16.21120640739841,10.467303878689002,0,0
2026-05-09,2.2374752376668625,1.6353446145205683,0.070900562058918,0.14813111942364762,42.70077430041305,11.450568358622366,1.8527510955065898,2.479326704414565,16.342460442882153,9.455452093217133,0,0
2026-05-10,2.15102730181302,1.5454096084876587,0.0754822721503743,0.13585832720653854,43.37707802991242,12.413668036760399,1.9325030913180308,3.0728233225726913,16.473714478365892,8.443600307745266,0,0
2026-05-11,2.064579365959178,1.455474602454749,0.0800639822418306,0.12358553498942945,44.05338175941178,13.376767714898433,2.0122550871294718,3.666319940730818,16.604968513849634,7.4317485222733985,0,1
2026-05-12,1.9781314301053352,1.365539596421839,0.08464569233328689,0.11131274277232037,44.729685488911144,14.339867393036466,2.0596038988281222,3.301715102433198,16.48238441840912,7.988338560150354,0,0
2026-05-13,1.8916834942514928,1.2756045903889293,0.0892274024247432,0.09903995055521128,45.40598921841051,15.3029670711745,2.106952710526773,2.937110264135579,16.359800322968603,8.54492859802731,0,0
2026-05-14,1.8052355583976505,1.1856695843560194,0.0938091125161995,0.0867671583381022,46.08229294790988,16.266066749312532,2.1543015222254236,2.572505425837959,16.23721622752809,9.101518635904267,1,0
2026-05-15,2.29859883901311,1.2771249954945312,0.08472056408494046,0.1080873440511563,45.960230983854046,15.098889270975741,2.2016503339240745,2.2079005875403395,16.114632132087575,9.658108673781221,0,0
2026-05-16,2.791962119628569,1.3685804066330431,0.07563201565368141,0.12940752976421038,45.838169019798215,13.93171179263895,2.248999145622725,1.84329574924272,15.99204803664706,10.214698711658178,0,1
2026-05-17,3.285325400244028,1.460035817771555,0.06654346722242238,0.1507277154772645,45.716107055742384,12.76453431430216,2.3443136772776842,2.4355383640431874,16.370215836887446,9.885164501267472,0,0
2026-05-18,3.7786886808594873,1.5514912289100669,0.05745491879116333,0.1720479011903186,45.59404509168656,11.597356835965368,2.4396282089326435,3.027780978843655,16.748383637127837,9.555630290876767,0,0
2026-05-19,4.272051961474947,1.6429466400485786,0.048366370359904286,0.1933680869033727,45.47198312763073,10.430179357628578,2.534942740587603,3.620023593644122,17.126551437368224,9.22609608048606,0,0
2026-05-20,4.7654152420904055,1.7344020511870903,0.03927782192864525,0.21468827261642678,45.3499211635749,9.263001879291787,2.6302572722425617,4.21226620844459,17.504719237608615,8.896561870095356,0,0
2026-05-21,5.258778522705865,1.8258574623256023,0.0301892734973862,0.2360084583294809,45.22785919951907,8.095824400954996,2.725571803897521,4.804508823245057,17.882887037849002,8.56702765970465,1,1
2026-05-22,4.968819939378764,1.586749533188245,0.0314013837703231,0.22104773105216224,44.72987906558362,8.610196602236973,2.6763845257265375,4.7135865324251,18.16456294842982,9.141010023211555,0,0
2026-05-23,4.678861356051662,1.3476416040508878,0.03261349404326,0.20608700377484357,44.23189893164817,9.12456880351895,2.627197247555554,4.622664241605143,18.446238859010638,9.71499238671846,0,0
2026-05-24,4.3889027727245615,1.1085336749135308,0.0338256043161969,0.19112627649752492,43.73391879771272,9.638941004800927,2.5780099693845706,4.531741950785186,18.727914769591454,10.288974750225366,0,0
2026-05-25,4.098944189397461,0.8694257457761736,0.0350377145891338,0.17616554922020627,43.23593866377726,10.153313206082903,2.528822691213587,4.440819659965229,19.009590680172273,10.862957113732271,0,0
2026-05-26,3.808985606070359,0.6303178166388164,0.0362498248620707,0.1612048219428876,42.73795852984181,10.66768540736488,2.4796354130426037,4.349897369145272,19.29126659075309,11.436939477239177,0,1
2026-05-27,3.5190270227432583,0.39120988750145935,0.037461935135007604,0.14624409466556895,42.23997839590636,11.182057608646858,2.5990265761852385,3.957953959418011,18.945727800899647,11.34974884496351,0,0
2026-05-28,3.229068439416157,0.1521019583641021,0.0386740454079445,0.1312833673882503,41.74199826197091,11.696429809928834,2.7184177393278737,3.56601054969075,18.600189011046208,11.262558212687845,1,0
2026-05-29,3.5882182369095244,0.43741741109107657,0.04057675710705997,0.12069176092981251,43.73881571692173,11.907887610363165,2.8378089024705084,3.1740671399634888,18.254650221192765,11.175367580412177,0,0
2026-05-30,3.947368034402892,0.722732863818051,0.042479468806175445,0.11010015447137472,45.73563317187254,12.119345410797496,2.9572000656131436,2.782123730236228,17.909111431339326,11.08817694813651,0,0
2026-05-31,4.30651783189626,1.0080483165450254,0.044382180505290914,0.09950854801293695,47.732450626823365,12.330803211231828,3.0765912287557784,2.390180320508967,17.563572641485884,11.000986315860844,0,1
2026-06-01,4.665667629389627,1.293363769272,0.04628489220440639,0.08891694155449915,49.72926808177418,12.54226101166616,3.5491723435082005,3.0753201615311516,18.131073879590488,11.423313019243414,0,0
2026-06-02,5.0248174268829935,1.5786792219989743,0.04818760390352186,0.07832533509606136,51.726085536724995,12.753718812100491,4.021753458260623,3.760460002553336,18.698575117695093,11.845639722625986,0,0
2026-06-03,5.383967224376361,1.8639946747259488,0.050090315602637325,0.06773372863762359,53.72290299167581,12.965176612534822,4.494334573013045,4.44559984357552,19.266076355799694,12.267966426008556,0,0
2026-06-04,5.743117021869729,2.149310127452923,0.0519930273017528,0.0571421221791858,55.719720446626624,13.176634412969154,4.966915687765468,5.130739684597705,19.833577593904298,12.690293129391128,1,0
2026-06-05,5.454847540082627,2.135120071950222,0.050269807246884686,0.05561544402457987,54.64113111304997,13.088827173326427,5.43949680251789,5.81587952561989,20.401078832008903,13.112619832773698,0,1
2026-06-06,5.166578058295523,2.1209300164475207,0.04854658719201657,0.054088765869973944,53.56254177947332,13.001019933683699,5.45349309912406,5.400861407330675,20.270233565168986,12.18408602690611,0,0
2026-06-07,4.87830857650842,2.1067399609448194,0.04682336713714846,0.052562087715368015,52.48395244589666,12.913212694040972,5.467489395730231,4.98584328904146,20.139388298329067,11.255552221038522,0,0
2026-06-08,4.590039094721318,2.0925499054421177,0.04510014708228034,0.051035409560762086,51.40536311232001,12.825405454398245,5.481485692336402,4.570825170752245,20.00854303148915,10.327018415170935,0,0
2026-06-09,4.301769612934216,2.0783598499394165,0.04337692702741223,0.04950873140615616,50.32677377874336,12.737598214755518,5.495481988942573,4.1558070524630315,19.87769776464923,9.398484609303347,0,0
2026-06-10,4.013500131147112,2.064169794436715,0.04165370697254411,0.04798205325155023,49.24818444516671,12.64979097511279,5.509478285548743,3.7407889341738167,19.746852497809314,8.46995080343576,0,1
2026-06-11,3.7252306493600096,2.049979738934014,0.039930486917676,0.0464553750969443,48.169595111590056,12.561983735470063,5.167924649064619,4.035220347348396,20.08843488269241,8.614035681572584,1,0
2026-06-12,3.8923746584608856,2.006406164445045,0.03693852184067618,0.05755083876340357,46.27026539089319,12.303786196168456,4.826371012580495,4.329651760522976,20.430017267575504,8.75812055970941,0,0
2026-06-13,4.059518667561761,1.962832589956076,0.03394655676367637,0.06864630242986285,44.37093567019632,12.04558865686685,4.4848173760963705,4.624083173697556,20.7715996524586,8.902205437846236,0,0
2026-06-14,4.226662676662637,1.9192590154671068,0.030954591686676556,0.07974176609632211,42.47160594949945,11.787391117565242,4.143263739612246,4.918514586872135,21.113182037341694,9.046290315983061,0,0
2026-06-15,4.393806685763513,1.8756854409781378,0.027962626609676744,0.09083722976278139,40.57227622880257,11.529193578263634,3.801710103128122,5.212946000046715,21.45476442222479,9.190375194119886,0,1
2026-06-16,4.560950694864388,1.8321118664891687,0.02497066153267693,0.10193269342924066,38.6729465081057,11.270996038962027,4.0013326214115414,5.514486987476744,21.26681424553188,8.765041925826525,0,0
2026-06-17,4.728094703965264,1.7885382920001995,0.021978696455677113,0.11302815709569994,36.773616787408834,11.01279849966042,4.200955139694961,5.816027974906771,21.078864068838968,8.339708657533162,0,0
2026-06-18,4.89523871306614,1.7449647175112306,0.0189867313786773,0.1241236207621592,34.874287066711965,10.754600960358813,4.400577657978381,6.1175689623368,20.890913892146052,7.914375389239801,1,0
2026-06-19,5.043159699823877,1.8145023660521622,0.023613092538312043,0.11908122647238037,36.45399913915985,10.873051608776905,4.600200176261801,6.419109949766828,20.70296371545314,7.48904212094644,0,0
2026-06-20,5.191080686581613,1.8840400145930936,0.02823945369794679,0.11403883218260154,38.03371121160773,10.991502257194995,4.79982269454522,6.720650937196856,20.51501353876023,7.063708852653078,0,1
2026-06-21,5.33900167333935,1.9535776631340251,0.032865814857581534,0.1089964378928227,39.613423284055614,11.109952905613087,4.691871387242635,6.1606114119336075,20.36881026124693,7.384391126076795,0,0
2026-06-22,5.486922660097086,2.0231153116749567,0.03749217601721627,0.10395404360304389,41.19313535650349,11.228403554031177,4.58392007994005,5.600571886670359,20.222606983733634,7.705073399500512,0,0
2026-06-23,5.634843646854823,2.092652960215888,0.04211853717685102,0.09891164931326504,42.77284742895137,11.346854202449268,4.475968772637466,5.040532361407109,20.076403706220336,8.02575567292423,0,0
2026-06-24,5.782764633612559,2.1621906087568195,0.04674489833648576,0.09386925502348623,44.352559501399256,11.465304850867359,4.368017465334881,4.480492836143861,19.93020042870704,8.346437946347947,0,0
2026-06-25,5.930685620370296,2.231728257297751,0.0513712594961205,0.0888268607337074,45.93227157384714,11.58375549928545,4.260066158032296,3.920453310880612,19.78399715119374,8.667120219771665,1,1
2026-06-26,5.613401583956897,2.0808472145208174,0.04814021181460013,0.09552302701526413,45.3263853027487,11.502361589485005,4.657885047265638,4.333140562167449,19.864426393583383,9.160076471644242,0,0
2026-06-27,5.296117547543497,1.9299661717438836,0.04490916413307976,0.10221919329682089,44.72049903165026,11.42096767968456,5.05570393649898,4.7458278134542855,19.944855635973024,9.653032723516821,0,0
2026-06-28,4.978833511130098,1.7790851289669498,0.04167811645155939,0.10891535957837763,44.11461276055182,11.339573769884115,5.453522825732321,5.158515064741122,20.025284878362662,10.145988975389399,0,0
2026-06-29,4.661549474716699,1.6282040861900162,0.03844706877003901,0.11561152585993437,43.50872648945338,11.25817986008367,5.851341714965663,5.571202316027958,20.105714120752303,10.638945227261978,0,0
2026-06-30,4.3442654383032995,1.4773230434130824,0.035216021088518644,0.12230769214149112,42.90284021835494,11.176785950283225,6.249160604199005,5.983889567314795,20.186143363141944,11.131901479134555,0,1
2026-07-01,4.0269814018899,1.3264420006361486,0.03198497340699827,0.12900385842304785,42.296953947256505,11.09539204048278,5.887470948542081,5.63066816765208,20.548737270599062,11.359714353294855,0,0
2026-07-02,3.709697365476501,1.175560957859215,0.0287539257254779,0.1357000247046046,41.69106767615806,11.013998130682335,5.525781292885156,5.277446767989365,20.91133117805618,11.587527227455155,1,0
2026-07-03,4.17931649324522,1.2571996503802547,0.033142200423653,0.13398028992232924,42.77265324727564,10.98646561002937,5.164091637228232,4.924225368326651,21.273925085513298,11.815340101615456,0,0
2026-07-04,4.64893562101394,1.3388383429012944,0.0375304751218281,0.13226055514005391,43.85423881839322,10.958933089376403,4.802401981571308,4.571003968663936,21.636518992970416,12.043152975775756,0,0
2026-07-05,5.118554748782659,1.4204770354223342,0.041918749820003195,0.1305408203577786,44.9358243895108,10.931400568723438,4.440712325914384,4.217782569001221,21.999112900427534,12.270965849936056,0,1
2026-07-06,5.588173876551378,1.502115727943374,0.046307024518178294,0.12882108557550323,46.017409960628385,10.903868048070473,4.039551697676905,4.141678311398234,22.05121259605318,11.263473485442269,0,0
2026-07-07,6.057793004320097,1.5837544204644134,0.05069529921635339,0.12710135079322787,47.09899553174596,10.876335527417508,3.6383910694394266,4.065574053795248,22.103312291678826,10.255981120948483,0,0
2026-07-08,6.527412132088816,1.6653931129854531,0.0550835739145285,0.12538161601095255,48.18058110286354,10.848803006764541,3.2372304412019477,3.989469796192261,22.155411987304472,9.248488756454696,0,0
2026-07-09,6.997031259857536,1.7470318055064928,0.0594718486127036,0.1236618812286772,49.26216667398112,10.821270486111576,2.8360698129644693,3.9133655385892743,22.207511682930118,8.240996391960909,1,0
2026-07-10,6.608344634356114,1.7943940990447225,0.05549180099879221,0.11976140596274565,48.0871994788176,11.232403872958786,2.4349091847269904,3.837261280986288,22.259611378555764,7.233504027467124,0,1
2026-07-11,6.219658008854693,1.841756392582952,0.05151175338488083,0.1158609306968141,46.912232283654085,11.643537259805997,2.846203232796327,4.094424589781063,22.01880714203374,8.308566774037095,0,0
2026-07-12,5.830971383353271,1.8891186861211815,0.04753170577096944,0.11196045543088254,45.73726508849057,12.054670646653207,3.2574972808656644,4.351587898575838,21.778002905511713,9.383629520607066,0,0
2026-07-13,5.442284757851849,1.9364809796594111,0.043551658157058054,0.10805998016495097,44.56229789332705,12.465804033500419,3.668791328935001,4.608751207370613,21.53719866898969,10.458692267177037,0,0
2026-07-14,5.053598132350427,1.9838432731976408,0.03957161054314667,0.10415950489901941,43.38733069816353,12.876937420347629,4.080085377004338,4.865914516165389,21.29639443246766,11.533755013747008,0,0
2026-07-15,4.6649115068490055,2.0312055667358706,0.03559156292923528,0.10025902963308786,42.21236350300001,13.288070807194838,4.491379425073675,5.123077824960164,21.055590195945637,12.60881776031698,0,1
2026-07-16,4.276224881347583,2.0785678602741,0.0316115153153239,0.0963585543671563,41.037396307836495,13.69920419404205,4.462645559954036,4.793547086128942,21.338466208425178,12.900436923536553,1,0
2026-07-17,4.314317497419958,2.1635930100566187,0.03866682571318488,0.0908302343285025,41.521527948526355,13.558465162311771,4.433911694834397,4.46401634729772,21.621342220904715,13.192056086756129,0,0
2026-07-18,4.352410113492332,2.248618159839138,0.04572213611104587,0.08530191428984871,42.005659589216215,13.417726130581492,4.405177829714758,4.134485608466499,21.904218233384256,13.483675249975702,0,0
2026-07-19,4.390502729564706,2.3336433096216567,0.05277744650890685,0.0797735942511949,42.489791229906075,13.276987098851214,4.376443964595119,3.804954869635278,22.187094245863793,13.775294413195278,0,0
2026-07-20,4.4285953456370795,2.4186684594041754,0.05983275690676784,0.0742452742125411,42.97392287059593,13.136248067120933,4.3477100994754805,3.4754241308040563,22.469970258343334,14.066913576414851,0,1
2026-07-21,4.466687961709454,2.503693609186694,0.06688806730462882,0.0687169541738873,43.45805451128579,12.995509035390654,3.953830129639691,3.602959934771374,21.96672287347863,13.501591803066102,0,0
2026-07-22,4.504780577781828,2.5887187589692133,0.07394337770248981,0.0631886341352335,43.94218615197565,12.854770003660375,3.5599501598039014,3.7304957387386914,21.463475488613923,12.936270029717353,0,0
2026-07-23,4.542873193854202,2.673743908751732,0.0809986881003508,0.0576603140965797,44.42631779266551,12.714030971930097,3.1660701899681114,3.8580315427060095,20.96022810374922,12.370948256368603,1,0
2026-07-24,4.659178095028567,2.531772922091448,0.07433243753648286,0.05288850333502641,44.86897759298505,12.414052377294182,2.772190220132322,3.985567346673327,20.456980718884513,11.805626483019852,0,0
2026-07-25,4.775482996202933,2.389801935431165,0.06766618697261491,0.048116692573473126,45.311637393304586,12.114073782658267,2.3783102502965323,4.113103150640645,19.95373333401981,11.240304709671102,0,1
2026-07-26,4.891787897377298,2.247830948770881,0.06099993640874697,0.04334488181191984,45.754297193624126,11.814095188022351,2.9259648245113796,4.001762175505051,20.212397451623392,12.118321255271722,0,0
2026-07-27,5.008092798551663,2.105859962110597,0.05433368584487903,0.03857307105036656,46.19695699394367,11.514116593386436,3.4736193987262265,3.890421200369457,20.47106156922698,12.996337800872341,0,0
2026-07-28,5.124397699726027,1.9638889754503135,0.047667435281011084,0.033801260288813265,46.63961679426321,11.214137998750521,4.021273972941073,3.779080225233863,20.729725686830562,13.874354346472959,0,0
2026-07-29,5.240702600900393,1.8219179887900299,0.041001184717143146,0.029029449527259985,47.08227659458275,10.914159404114606,4.56892854715592,3.6677392500982693,20.98838980443415,14.752370892073579,0,0
2026-07-30,5.357007502074758,1.679947002129746,0.0343349341532752,0.0242576387657067,47.52493639490229,10.614180809478691,5.116583121370768,3.5563982749626755,21.247053922037733,15.630387437674198,1,1
2026-07-31,5.751515740120106,1.6559772132154165,0.03565262494221966,0.03188858357012701,47.782627762894904,11.069183515391236,5.234696674976467,4.469038438102972,20.94089100990381,14.040036430677215,0,0
2026-08-01,6.146023978165454,1.6320074243010867,0.03697031573116412,0.03951952837454733,48.040319130887525,11.52418622130378,5.352810228582167,5.381678601243268,20.63472809776989,12.449685423680231,0,0
2026-08-02,6.540532216210801,1.6080376353867571,0.038288006520108574,0.047150473178967645,48.29801049888014,11.979188927216324,5.4709237821878665,6.294318764383564,20.328565185635973,10.859334416683248,0,0
2026-08-03,6.93504045425615,1.5840678464724276,0.03960569730905303,0.05478141798338795,48.55570186687276,12.434191633128867,5.5890373357935665,7.206958927523861,20.022402273502053,9.268983409686264,0,0
2026-08-04,7.329548692301497,1.560098057558098,0.04092338809799748,0.06241236278780826,48.81339323486537,12.889194339041412,5.707150889399266,8.119599090664156,19.71623936136813,7.678632402689281,0,1
2026-08-05,7.724056930346845,1.5361282686437683,0.042241078886941945,0.07004330759222858,49.071084602857994,13.344197044953955,5.800004368300701,7.716657636981113,19.734719432436446,7.396113100164575,0,0
2026-08-06,8.118565168392193,1.5121584797294387,0.0435587696758864,0.0776742523966489,49.32877597085061,13.7991997508665,5.892857847202137,7.313716183298069,19.75319950350476,7.113593797639869,1,0
2026-08-07,7.786750607027673,1.5601407861773144,0.04680328034324454,0.08698077915658099,47.85302482711782,13.62997107813603,5.985711326103572,6.910774729615025,19.771679574573074,6.831074495115162,0,0
2026-08-08,7.454936045663154,1.60812309262519,0.05004779101060269,0.09628730591651309,46.37727368338504,13.460742405405561,6.078564805005008,6.507833275931981,19.79015964564139,6.548555192590455,0,0
2026-08-09,7.123121484298634,1.6561053990730656,0.05329230167796083,0.1055938326764452,44.901522539652255,13.291513732675092,6.171418283906443,6.104891822248938,19.808639716709703,6.266035890065749,0,1
2026-08-10,6.791306922934115,1.7040877055209411,0.056536812345318974,0.1149003594363773,43.42577139591947,13.122285059944625,6.249235480547983,5.468898824562073,19.83964158456843,5.945596562710032,0,0
2026-08-11,6.459492361569596,1.7520700119688168,0.059781323012677114,0.1242068861963094,41.95002025218668,12.953056387214156,6.327052677189523,4.8329058268752085,19.870643452427153,5.6251572353543144,0,0
2026-08-12,6.127677800205076,1.8000523184166926,0.06302583368003525,0.1335134129562415,40.4742691084539,12.783827714483687,6.404869873831064,4.196912829188345,19.90164532028588,5.304717907998597,0,0
2026-08-13,5.795863238840557,1.848034624864568,0.0662703443473934,0.1428199397161736,38.99851796472112,12.614599041753218,6.482687070472604,3.5609198315014803,19.932647188144603,4.984278580642881,1,0
2026-08-14,5.617157010418343,1.9290517014985689,0.060429254250811616,0.1382320465005074,39.61694308701742,12.75904549831389,6.560504267114144,2.9249268338146157,19.96364905600333,4.663839253287164,0,1
2026-08-15,5.438450781996129,2.01006877813257,0.05458816415422983,0.1336441532848412,40.23536820931373,12.90349195487456,6.383874952466031,3.573286125464205,19.65855827102677,6.628697989523241,0,0
2026-08-16,5.259744553573915,2.091085854766571,0.04874707405764804,0.129056260069175,40.85379333161003,13.047938411435233,6.207245637817918,4.221645417113795,19.353467486050214,8.593556725759317,0,0
2026-08-17,5.0810383251517015,2.1721029314005715,0.04290598396106626,0.12446836685350879,41.472218453906336,13.192384867995905,6.030616323169804,4.870004708763385,19.048376701073654,10.558415461995395,0,0
2026-08-18,4.902332096729488,2.2531200080345726,0.03706489386448447,0.1198804736378426,42.09064357620264,13.336831324556577,5.853987008521691,5.518364000412975,18.743285916097097,12.52327419823147,0,0
2026-08-19,4.723625868307273,2.3341370846685736,0.031223803767902687,0.1152925804221764,42.70906869849894,13.481277781117248,5.677357693873578,6.166723292062564,18.438195131120537,14.488132934467547,0,1
2026-08-20,4.54491963988506,2.415154161302574,0.0253827136713209,0.1107046872065102,43.32749382079525,13.62572423767792,5.537300334138547,6.084288737992565,18.396069588872773,13.983125741386472,1,0
2026-08-21,4.821492621058676,2.3601481109435847,0.029549354388572556,0.10027731204335168,43.2271766241381,13.573371872844964,5.3972429744035155,6.001854183922566,18.35394404662501,13.478118548305396,0,0
2026-08-22,5.098065602232291,2.305142060584595,0.033715995105824216,0.08984993688019316,43.12685942748095,13.521019508012007,5.257185614668485,5.919419629852568,18.311818504377246,12.973111355224322,0,0
2026-08-23,5.374638583405907,2.2501360102256056,0.03788263582307587,0.07942256171703466,43.02654223082381,13.46866714317905,5.117128254933453,5.836985075782569,18.269692962129483,12.468104162143247,0,0
2026-08-24,5.651211564579523,2.1951299598666165,0.04204927654032753,0.06899518655387614,42.926225034166656,13.416314778346093,4.977070895198422,5.75455052171257,18.22756741988172,11.963096969062171,0,1
2026-08-25,5.927784545753138,2.140123909507627,0.04621591725757919,0.05856781139071762,42.82590783750951,13.363962413513137,4.62832821370834,5.3900105142692745,18.355687755050067,11.537126772703465,0,0
2026-08-26,6.204357526926754,2.0851178591486375,0.05038255797483085,0.04814043622755912,42.72559064085236,13.31161004868018,4.279585532218257,5.025470506825978,18.483808090218417,11.111156576344758,0,0
2026-08-27,6.48093050810037,2.030111808789648,0.0545491986920825,0.0377130610644006,42.625273444195216,13.259257683847224,3.930842850728174,4.660930499382682,18.611928425386765,10.68518637998605,1,0
2026-08-28,5.845795809805284,1.8812523958901533,0.05763400674830622,0.04784820181128038,42.49785635747182,12.8425080116056,3.582100169238091,4.296390491939386,18.740048760555116,10.259216183627343,0,0
2026-08-29,5.210661111510199,1.7323929829906584,0.06071881480452993,0.05798334255816017,42.37043927074842,12.425758339363975,3.2333574877480085,3.93185048449609,18.868169095723463,9.833245987268636,0,1
2026-08-30,4.575526413215114,1.5835335700911637,0.06380362286075364,0.06811848330503996,42.24302218402502,12.009008667122352,3.1698318667838423,4.0897303976099,18.389841508176076,10.034577965606802,0,0
2026-08-31,3.9403917149200285,1.4346741571916688,0.06688843091697735,0.07825362405191974,42.11560509730163,11.592258994880728,3.1063062458196757,4.247610310723709,17.91151392062869,10.235909943944966,0,0
2026-09-01,3.3052570166249433,1.2858147442921741,0.06997323897320107,0.08838876479879952,41.988188010578234,11.175509322639105,3.0427806248555096,4.405490223837519,17.433186333081306,10.437241922283132,0,0
2026-09-02,2.6701223183298577,1.1369553313926795,0.07305804702942478,0.0985239055456793,41.86077092385484,10.75875965039748,2.979255003891343,4.5633701369513275,16.95485874553392,10.638573900621296,0,0
2026-09-03,2.0349876200347734,0.9880959184931845,0.0761428550856485,0.1086590462925591,41.73335383713144,10.342009978155856,2.915729382927177,4.721250050065137,16.476531157986532,10.839905878959462,1,1
2026-09-04,2.2800802906020494,1.0476974977434927,0.0678153522603809,0.11017430667739948,43.46105631774201,10.4188139697916,2.85052751841387,4.7642523530663015,16.5869130872403,9.996631274788543,0,0
2026-09-05,2.5251729611693254,1.107299076993801,0.05948784943511333,0.11168956706223987,45.188758798352595,10.495617961427342,2.7853256539005633,4.807254656067466,16.69729501649407,9.153356670617626,0,0
2026-09-06,2.7702656317366015,1.1669006562441093,0.05116034660984574,0.11320482744708026,46.91646127896317,10.572421953063087,2.720123789387257,4.850256959068629,16.80767694574784,8.310082066446707,0,0
2026-09-07,3.0153583023038775,1.2265022354944177,0.042832843784578155,0.11472008783192064,48.64416375957375,10.649225944698829,2.65492192487395,4.893259262069793,16.91805887500161,7.4668074622757885,0,0
2026-09-08,3.2604509728711535,1.286103814744726,0.03450534095931057,0.11623534821676103,50.371866240184325,10.726029936334573,2.5897200603606434,4.936261565070957,17.02844080425538,6.623532858104871,0,1
2026-09-09,3.5055436434384295,1.345705393995034,0.02617783813404298,0.11775060860160141,52.099568720794906,10.802833927970315,2.424858483078044,4.549858907773608,16.454056354913966,8.766277474253993,0,0
2026-09-10,3.7506363140057055,1.4053069732453425,0.0178503353087754,0.1192658689864418,53.82727120140548,10.87963791960606,2.259996905795445,4.163456250476258,15.879671905572556,10.909022090403115,1,0
2026-09-11,3.3788876764826434,1.3815246941730388,0.0229706698604712,0.11020033458694202,52.85550510903395,11.253202103983268,2.095135328512846,3.777053593178908,15.305287456231145,13.051766706552236,0,0
2026-09-12,3.007139038959581,1.357742415100735,0.028091004412166998,0.10113480018744223,51.88373901666242,11.626766288360479,1.9302737512302468,3.3906509358815584,14.730903006889733,15.19451132270136,0,0
2026-09-13,2.635390401436519,1.3339601360284312,0.0332113389638628,0.09206926578794244,50.911972924290886,12.000330472737687,1.7654121739476476,3.0042482785842086,14.156518557548322,17.33725593885048,0,1
2026-09-14,2.2636417639134567,1.3101778569561273,0.0383316735155586,0.08300373138844266,49.94020683191936,12.373894657114896,1.6410162862490303,2.990653150673963,14.299288635373157,15.94733746026552,0,0
2026-09-15,1.8918931263903942,1.2863955778838236,0.0434520080672544,0.07393819698894288,48.96844073954783,12.747458841492104,1.516620398550413,2.977058022763717,14.44205871319799,14.557418981680561,0,0
2026-09-16,1.520144488867332,1.26261329881152,0.0485723426189502,0.0648726625894431,47.9966746471763,13.121023025869315,1.3922245108517957,2.9634628948534716,14.584828791022826,13.167500503095601,0,0
2026-09-17,1.1483958513442696,1.238831019739216,0.053692677170646,0.0558071281899433,47.02490855480477,13.494587210246523,1.2678286231531786,2.9498677669432256,14.72759886884766,11.777582024510643,1,0
2026-09-18,1.2566502641982145,1.2886348735212074,0.053907674129834916,0.06321843206241946,45.835004508164765,13.455466256049439,1.1434327354545613,2.93627263903298,14.870368946672494,10.387663545925683,0,1
2026-09-19,1.3649046770521593,1.3384387273031988,0.05412267108902383,0.07062973593489562,44.64510046152477,13.416345301852354,1.4501334257801903,3.0265026020808907,14.857162501947693,10.375767713503482,0,0
2026-09-20,1.4731590899061042,1.3882425810851902,0.054337668048212745,0.07804103980737177,43.45519641488477,13.37722434765527,1.7568341161058192,3.1167325651288014,14.843956057222892,10.36387188108128,0,0
2026-09-21,1.581413502760049,1.4380464348671815,0.054552665007401656,0.08545234367984793,42.26529236824477,13.338103393458184,2.063534806431448,3.206962528176712,14.830749612498092,10.35197604865908,0,0
2026-09-22,1.689667915613994,1.487850288649173,0.054767661966590574,0.0928636475523241,41.07538832160477,13.2989824392611,2.3702354967570773,3.297192491224623,14.817543167773291,10.34008021623688,0,0
2026-09-23,1.7979223284679386,1.5376541424311643,0.054982658925779485,0.10027495142480025,39.885484274964774,13.259861485064015,2.676936187082706,3.3874224542725337,14.80433672304849,10.328184383814678,0,1
2026-09-24,1.9061767413218835,1.5874579962131556,0.0551976558849684,0.1076862552972764,38.69558022832477,13.22074053086693,2.5300949651409033,2.7793616139973514,13.821155413917918,10.698007481390958,1,0
2026-09-25,2.167613418710607,1.491989534246856,0.05668891324933666,0.10700399538656549,40.25182730074607,13.040377142467612,2.3832537431991003,2.1713007737221695,12.837974104787346,11.067830578967238,0,0
2026-09-26,2.4290500960993304,1.3965210722805566,0.05818017061370492,0.10632173547585458,41.80807437316737,12.860013754068294,2.2364125212572974,1.5632399334469873,11.854792795656774,11.437653676543517,0,0
2026-09-27,2.690486773488054,1.3010526103142572,0.05967142797807318,0.10563947556514366,43.36432144558867,12.679650365668977,2.089571299315494,0.9551790931718052,10.8716114865262,11.807476774119797,0,0
2026-09-28,2.9519234508767775,1.2055841483479575,0.06116268534244143,0.10495721565443274,44.92056851800998,12.499286977269657,1.942730077373691,0.3471182528966228,9.888430177395628,12.177299871696077,0,1
2026-09-29,3.213360128265501,1.1101156863816581,0.06265394270680968,0.10427495574372182,46.47681559043128,12.318923588870339,2.077965693096299,0.5831372836577324,10.019346707914476,12.030445436398889,0,0
2026-09-30,3.474796805654224,1.0146472244153586,0.06414520007117795,0.10359269583301091,48.03306266285258,12.138560200471021,2.213201308818907,0.8191563144188422,10.150263238433324,11.883591001101703,0,0
2026-10-01,3.736233483042948,0.919178762449059,0.0656364574355462,0.1029104359223,49.58930973527388,11.958196812071703,2.348436924541515,1.055175345179952,10.28117976895217,11.736736565804515,1,0
2026-10-02,3.829080113464597,0.9405725308650353,0.059868532913673646,0.0943305858060384,50.44951991381521,11.997690805578255,2.4836725402641227,1.2911943759410616,10.412096299471017,11.589882130507329,0,0
2026-10-03,3.921926743886246,0.9619662992810115,0.054100608391801086,0.0857507356897768,51.30973009235653,12.037184799084805,2.618908155986731,1.5272134067021712,10.543012829989864,11.44302769521014,0,1
2026-10-04,4.014773374307896,0.9833600676969878,0.04833268386992853,0.0771708855735152,52.16994027089786,12.076678792591357,2.335683758909948,2.3918330055950943,10.61178894597312,11.288752570735593,0,0
2026-10-05,4.107620004729545,1.004753836112964,0.042564759348055974,0.06859103545725359,53.03015044943918,12.11617278609791,2.052459361833165,3.2564526044880173,10.680565061956374,11.134477446261043,0,0
2026-10-06,4.2004666351511935,1.0261476045289402,0.036796834826183414,0.060011185340992,53.89036062798051,12.155666779604461,1.7692349647563823,4.12107220338094,10.749341177939627,10.980202321786495,0,0
2026-10-07,4.293313265572843,1.0475413729449166,0.03102891030431086,0.051431335224730396,54.750570806521836,12.195160773111011,1.4860105676795994,4.985691802273863,10.818117293922882,10.825927197311945,0,0
2026-10-08,4.386159895994492,1.0689351413608927,0.0252609857824383,0.0428514851084688,55.610780985063165,12.234654766617563,1.2027861706028165,5.8503114011667865,10.886893409906136,10.671652072837396,1,1
2026-10-09,4.288943044770702,1.0652525124160706,0.025022397490420602,0.05357118266688955,54.8324303161621,12.566179770183176,1.3022914341868759,5.933739434983814,10.524393785038408,10.06303698500273,0,0
2026-10-10,4.191726193546913,1.0615698834712481,0.024783809198402902,0.06429088022531032,54.05407964726104,12.897704773748787,1.4017966977709353,6.017167468800842,10.161894160170679,9.454421897168064,0,0
2026-10-11,4.094509342323123,1.057887254526426,0.024545220906385203,0.07501057778373107,53.27572897835998,13.2292297773144,1.5013019613549947,6.100595502617869,9.799394535302952,8.845806809333396,0,0
2026-10-12,3.997292491099334,1.0542046255816038,0.0243066326143675,0.08573027534215183,52.497378309458924,13.56075478088001,1.6008072249390541,6.184023536434897,9.436894910435223,8.23719172149873,0,0
2026-10-13,3.9000756398755443,1.0505219966367816,0.0240680443223498,0.09644997290057258,51.71902764055786,13.892279784445623,1.7003124885231136,6.267451570251925,9.074395285567494,7.628576633664064,0,1
2026-10-14,3.8028587886517546,1.0468393676919592,0.0238294560303321,0.10716967045899335,50.9406769716568,14.223804788011234,1.7607743607903092,5.699250444334627,8.983827330520558,8.385742321212849,0,0
2026-10-15,3.705641937427965,1.043156738747137,0.0235908677383144,0.1178893680174141,50.16232630275574,14.555329791576847,1.8212362330575047,5.131049318417328,8.893259375473622,9.142908008761633,1,0
2026-10-16,3.6564390979574144,0.9819334933185678,0.02885486253460347,0.11933934777469947,48.33958685525205,14.021262281684203,1.8816981053247004,4.562848192500029,8.802691420426687,9.900073696310418,0,0
2026-10-17,3.6072362584868642,0.9207102478899986,0.03411885733089254,0.12078932753198485,46.516847407748365,13.48719477179156,1.9421599775918958,3.994647066582731,8.71212346537975,10.657239383859203,0,0
2026-10-18,3.5580334190163136,0.8594870024614294,0.03938285212718161,0.12223930728927021,44.69410796024468,12.953127261898915,2.0026218498590915,3.4264459406654324,8.621555510332815,11.414405071407987,0,1
2026-10-19,3.508830579545763,0.7982637570328601,0.04464684692347068,0.12368928704655559,42.87136851274099,12.419059752006271,2.0067955392637473,3.674123841449076,8.22371376236962,12.26073875501141,0,0
2026-10-20,3.4596277400752125,0.737040511604291,0.04991084171975975,0.12513926680384097,41.04862906523731,11.884992242113627,2.010969228668403,3.9218017422327196,7.825872014406423,13.107072438614832,0,0
2026-10-21,3.4104249006046623,0.6758172661757218,0.05517483651604882,0.12658924656112633,39.22588961773362,11.350924732220983,2.0151429180730593,4.169479643016363,7.428030266443228,13.953406122218254,0,0
2026-10-22,3.3612220611341117,0.6145940207471525,0.0604388313123379,0.1280392263184117,37.403150170229935,10.81685722232834,2.019316607477715,4.417157543800006,7.030188518480032,14.799739805821678,1,0
2026-10-23,3.3294297045853605,0.7151446050441065,0.05979609733409873,0.13176970286703343,38.142532951006906,11.14219115661573,2.023490296882371,4.66483544458365,6.632346770516836,15.6460734894251,0,1
2026-10-24,3.2976373480366092,0.8156951893410604,0.05915336335585956,0.13550017941565515,38.88191573178388,11.467525090903122,1.9737856903579725,4.585243402029981,6.571738475662065,15.324110819233066,0,0
2026-10-25,3.265844991487858,0.9162457736380145,0.05851062937762039,0.1392306559642769,39.62129851256085,11.792859025190513,1.9240810838335738,4.505651359476311,6.511130180807294,15.002148149041034,0,0
2026-10-26,3.2340526349391068,1.0167963579349684,0.05786789539938121,0.1429611325128986,40.36068129333783,12.118192959477902,1.8743764773091753,4.426059316922642,6.450521885952522,14.680185478849,0,0
2026-10-27,3.2022602783903555,1.1173469422319224,0.05722516142114204,0.14669160906152034,41.1000640741148,12.443526893765293,1.8246718707847767,4.3464672743689725,6.389913591097751,14.358222808656967,0,0
2026-10-28,3.1704679218416043,1.2178975265288763,0.05658242744290287,0.1504220856101421,41.83944685489177,12.768860828052684,1.7749672642603782,4.266875231815304,6.32930529624298,14.036260138464932,0,1
2026-10-29,3.138675565292853,1.3184481108258304,0.0559396934646637,0.1541525621587638,42.57882963566874,13.094194762340075,1.8822588046430524,5.0971644279888135,6.087692125940449,14.184920086755584,1,0
2026-10-30,2.936832429045172,1.316444396260991,0.05580685968498567,0.153943639364904,43.82964765142079,12.880111895596094,1.9895503450257268,5.927453624162324,5.846078955637918,14.333580035046236,0,0
2026-10-31,2.7349892927974913,1.3144406816961518,0.05567402590530764,0.15373471657104418,45.08046566717285,12.666029028852115,2.096841885408401,6.757742820335834,5.604465785335385,14.482239983336887,0,0
2026-11-01,2.533146156549811,1.3124369671313125,0.055541192125629614,0.15352579377718437,46.331283682924905,12.451946162108134,2.2041334257910754,7.588032016509345,5.362852615032854,14.630899931627539,0,0
2026-11-02,2.33130302030213,1.3104332525664735,0.055408358345951585,0.15331687098332453,47.58210169867696,12.237863295364154,2.3114249661737496,8.418321212682855,5.121239444730323,14.77955987991819,0,1
2026-11-03,2.129459884054449,1.3084295380016342,0.055275524566273555,0.15310794818946472,48.83291971442901,12.023780428620173,2.14237793000074,7.830529443576657,5.199765149698946,13.516918498075842,0,0
2026-11-04,1.927616747806768,1.306425823436795,0.055142690786595526,0.1528990253956049,50.08373773018107,11.809697561876193,1.973330893827731,7.242737674470459,5.27829085466757,12.254277116233492,0,0
2026-11-05,1.7257736115590872,1.3044221088719556,0.0550098570069175,0.1526901026017451,51.33455574593312,11.595614695132213,1.8042838576547215,6.654945905364261,5.356816559636193,10.991635734391144,1,0
2026-11-06,1.8558326598972674,1.2897968622698168,0.05528401517592064,0.13532244960180229,49.92414102107212,11.591189394905548,1.6352368214817123,6.067154136258063,5.435342264604817,9.728994352548796,0,0
2026-11-07,1.9858917082354477,1.2751716156676782,0.055558173344923786,0.11795479660185947,48.51372629621112,11.586764094678884,1.466189785308703,5.4793623671518645,5.51386796957344,8.466352970706446,0,1
2026-11-08,2.115950756573628,1.2605463690655394,0.05583233151392693,0.10058714360191665,47.10331157135011,11.58233879445222,1.558713879744833,5.105114616277262,5.153401491821432,8.179319484410009,0,0
2026-11-09,2.2460098049118082,1.2459211224634006,0.05610648968293007,0.08321949060197384,45.692896846489106,11.577913494225553,1.651237974180963,4.730866865402659,4.792935014069426,7.89228599811357,0,0
2026-11-10,2.3760688532499885,1.2312958758612618,0.05638064785193321,0.06585183760203103,44.2824821216281,11.57348819399889,1.7437620686170932,4.356619114528056,4.432468536317418,7.605252511817133,0,0
2026-11-11,2.506127901588169,1.2166706292591232,0.05665480602093636,0.04848418460208821,42.8720673967671,11.569062893772225,1.8362861630532232,3.982371363653453,4.0720020585654115,7.318219025520695,0,0
2026-11-12,2.636186949926349,1.2020453826569844,0.0569289641899395,0.0311165316021454,41.461652671906094,11.56463759354556,1.9288102574893533,3.60812361277885,3.711535580813404,7.031185539224257,1,1
2026-11-13,2.6806221677723356,1.1883482060845496,0.05399618438686673,0.03425827680244517,42.2841447388811,11.940768466463963,1.9550777691626726,3.359836758042952,3.5600659571537774,7.549476279319617,0,0
2026-11-14,2.7250573856183222,1.1746510295121149,0.05106340458379396,0.03740002200274494,43.106636805856105,12.316899339382367,1.981345280835992,3.111549903307054,3.4085963334941503,8.067767019414976,0,0
2026-11-15,2.769492603464309,1.1609538529396801,0.048130624780721186,0.04054176720304471,43.929128872831114,12.69303021230077,2.007612792509311,2.8632630485711568,3.2571267098345236,8.586057759510336,0,0
2026-11-16,2.8139278213102954,1.1472566763672454,0.045197844977648415,0.043683512403344484,44.751620939806116,13.069161085219172,2.0338803041826305,2.614976193835259,3.1056570861748964,9.104348499605697,0,0
2026-11-17,2.858363039156282,1.1335594997948106,0.04226506517457564,0.046825257603644255,45.574113006781126,13.445291958137574,2.0601478158559496,2.366689339099361,2.9541874625152698,9.622639239701057,0,1
2026-11-18,2.9027982570022686,1.1198623232223759,0.03933228537150287,0.049967002803944026,46.396605073756135,13.821422831055978,2.0995621360906345,2.171417575202217,2.6471183940428844,9.731546339134063,0,0
2026-11-19,2.947233474848255,1.1061651466499411,0.0363995055684301,0.0531087480042438,47.21909714073114,14.19755370397438,2.1389764563253197,1.9761458113050732,2.340049325570499,9.840453438567067,1,0
2026-11-20,3.2074210743646043,1.038691797582783,0.03900601533625723,0.06348632162655654,47.455393301647646,14.119450703117478,2.1783907765600046,1.780874047407929,2.0329802570981133,9.949360538000073,0,0
2026-11-21,3.467608673880953,0.9712184485156249,0.04161252510408436,0.07386389524886929,47.69168946256415,14.041347702260575,2.21780509679469,1.585602283510785,1.725911188625728,10.058267637433078,0,0
2026-11-22,3.7277962733973022,0.9037450994484667,0.044219034871911485,0.08424146887118203,47.92798562348066,13.963244701403672,2.2572194170293747,1.390330519613641,1.4188421201533423,10.167174736866084,0,1
2026-11-23,3.9879838729136514,0.8362717503813086,0.04682554463973861,0.09461904249349477,48.16428178439716,13.885141700546768,2.2769370214323885,1.9333035064510797,1.2586196252715456,10.790254700575437,0,0
2026-11-24,4.24817147243,0.7687984013141504,0.04943205440756574,0.10499661611580752,48.40057794531367,13.807038699689866,2.296654625835403,2.4762764932885184,1.0983971303897486,11.41333466428479,0,0
2026-11-25,4.50835907194635,0.7013250522469923,0.05203856417539287,0.11537418973812026,48.636874106230174,13.728935698832963,2.3163722302384167,3.019249480125957,0.9381746355079518,12.036414627994143,0,0
2026-11-26,4.7685466714626985,0.6338517031798342,0.05464507394322,0.125751763360433,48.87317026714668,13.65083269797606,2.336089834641431,3.5622224669633957,0.7779521406261549,12.659494591703496,1,0
2026-11-27,4.64623171089405,0.6906931557104088,0.05481884187504194,0.1257428396726012,47.65776703499853,13.647430779979663,2.355807439044445,4.105195453800834,0.6177296457443581,13.282574555412848,0,1
2026-11-28,4.5239167503254,0.7475346082409834,0.054992609806863886,0.1257339159847694,46.442363802850366,13.644028861983264,2.172181742051769,3.8172511394553763,0.4968332059532852,11.610580866501387,0,0
2026-11-29,4.401601789756751,0.804376060771558,0.05516637773868583,0.1257249922969376,45.22696057070221,13.640626943986867,1.988556045059093,3.5293068251099187,0.3759367661622123,9.938587177589927,0,0
2026-11-30,4.279286829188101,0.8612175133021326,0.05534014567050777,0.1257160686091058,44.011557338554056,13.63722502599047,1.8049303480664172,3.2413625107644606,0.2550403263711394,8.266593488678465,0,0
2026-12-01,4.156971868619452,0.9180589658327072,0.05551391360232971,0.125707144921274,42.7961541064059,13.633823107994072,1.6213046510737412,2.953418196419003,0.13414388658006648,6.594599799767003,0,0
2026-12-02,4.034656908050803,0.9749004183632818,0.055687681534151656,0.1256982212334422,41.58075087425774,13.630421189997673,1.4376789540810653,2.665473882073545,0.0132474467889936,4.922606110855542,0,1
2026-12-03,3.9123419474821537,1.0317418708938564,0.0558614494659736,0.1256892975456104,40.36534764210958,13.627019272001275,1.39673174619129,2.4657029927795335,0.06089064825950208,6.855815080360801,1,0
2026-12-04,3.551200499779663,1.0361950598217757,0.05298309549075917,0.12569830994128067,40.984922724621214,13.767581892330902,1.3557845383015148,2.2659321034855227,0.10853384973001055,8.789024049866061,0,0
2026-12-05,3.1900590520771726,1.0406482487496953,0.05010474151554475,0.12570732233695098,41.604497807132844,13.908144512660527,1.3148373304117393,2.0661612141915113,0.156177051200519,10.72223301937132,0,0
2026-12-06,2.8289176043746815,1.0451014376776147,0.04722638754033032,0.12571633473262125,42.224072889644475,14.048707132990154,1.273890122521964,1.8663903248975,0.2038202526710275,12.655441988876579,0,0
2026-12-07,2.4677761566721914,1.0495546266055342,0.04434803356511589,0.12572534712829153,42.843647972156106,14.18926975331978,1.2329429146321889,1.666619435603489,0.251463454141536,14.58865095838184,0,1
2026-12-08,2.1066347089697004,1.0540078155334536,0.041469679589901456,0.1257343595239618,43.463223054667736,14.329832373649406,1.514122013895602,1.899323683210033,-0.014363707161607175,13.576116027558077,0,0
2026-12-09,1.7454932612672098,1.0584610044613731,0.03859132561468703,0.1257433719196321,44.08279813717937,14.470394993979031,1.795301113159015,2.1320279308165775,-0.28019086846475033,12.563581096734318,0,0
2026-12-10,1.3843518135647193,1.0629141933892925,0.0357129716394726,0.1257523843153024,44.702373219691,14.610957614308658,2.076480212422428,2.3647321784231217,-0.5460180297678936,11.551046165910556,1,0
2026-12-11,1.74214452066601,1.0366534646638725,0.04308476000853296,0.1495929829177929,42.42970037397152,14.24396476701678,2.3576593116858415,2.597436426029666,-0.8118451910710367,10.538511235086794,0,0
2026-12-12,2.0999372277673007,1.0103927359384524,0.050456548377593315,0.17343358152028343,40.15702752825204,13.876971919724905,2.6388384109492544,2.83014067363621,-1.0776723523741798,9.525976304263033,0,1
2026-12-13,2.457729934868591,0.9841320072130324,0.05782833674665368,0.19727418012277392,37.88435468253256,13.509979072433028,2.5443021299573627,2.6996481378246497,-1.0224806437834855,9.364652401441974,0,0
2026-12-14,2.8155226419698822,0.9578712784876124,0.06520012511571403,0.22111477872526447,35.61168183681308,13.14298622514115,2.449765848965471,2.569155602013089,-0.9672889351927909,9.203328498620916,0,0
2026-12-15,3.1733153490711725,0.9316105497621924,0.07257191348477439,0.24495537732775496,33.3390089910936,12.775993377849273,2.3552295679735793,2.4386630662015287,-0.9120972266020966,9.042004595799856,0,0
2026-12-16,3.5311080561724633,0.9053498210367723,0.07994370185383474,0.2687959759302455,31.06633614537412,12.409000530557398,2.2606932869816876,2.308170530389968,-0.8569055180114021,8.880680692978798,0,0
2026-12-17,3.888900763273754,0.8790890923113523,0.0873154902228951,0.292636574532736,28.79366329965464,12.04200768326552,2.166157005989796,2.1776779945784077,-0.8017138094207077,8.71935679015774,1,1
2026-12-18,3.767329406163278,0.9157171813145301,0.0833385142508009,0.2691948532472963,30.377148798750913,12.230850291740436,2.058076951136181,3.0082848861844957,-0.5151252797205474,8.368222806970092,0,0
2026-12-19,3.6457580490528017,0.9523452703177078,0.0793615382787067,0.24575313196185666,31.960634297847186,12.41969290021535,1.949996896282567,3.8388917777905838,-0.2285367500203872,8.017088823782442,0,0
2026-12-20,3.524186691942325,0.9889733593208855,0.0753845623066125,0.222311410676417,33.544119796943455,12.608535508690267,1.8419168414289522,4.669498669396672,0.05805177967977304,7.665954840594795,0,0
2026-12-21,3.402615334831849,1.0256014483240632,0.0714075863345183,0.19886968939097732,35.12760529603973,12.797378117165183,1.7338367865753377,5.50010556100276,0.3446403093799333,7.314820857407146,0,0
2026-12-22,3.2810439777213727,1.0622295373272408,0.06743061036242409,0.17542796810553765,36.711090795136,12.986220725640099,1.6257567317217232,6.330712452608847,0.6312288390800935,6.963686874219498,0,1
2026-12-23,3.1594726206108965,1.0988576263304186,0.0634536343903299,0.15198624682009798,38.29457629423227,13.175063334115013,1.8557205829296308,6.089061889171913,0.3367826904327297,6.5780354962561365,0,0
2026-12-24,3.0379012635004203,1.1354857153335962,0.0594766584182357,0.1285445255346583,39.87806179332855,13.363905942589929,2.0856844341375385,5.847411325734979,0.04233654178536583,6.192384118292775,1,0
2026-12-25,2.9878715972336245,1.1677906621039131,0.054719125795051594,0.1325779193167114,40.429361429000785,13.080414591764665,2.3156482853454463,5.605760762298044,-0.252109606861998,5.806732740329414,0,0
2026-12-26,2.9378419309668287,1.2000956088742303,0.0499615931718675,0.13661131309876448,40.98066106467302,12.796923240939403,2.5456121365533537,5.36411019886111,-0.5465557555093619,5.421081362366054,0,0
2026-12-27,2.887812264700033,1.2324005556445472,0.045204060548683395,0.14064470688081757,41.53196070034526,12.51343189011414,2.7755759877612616,5.122459635424176,-0.8410019041567259,5.035429984402692,0,1
2026-12-28,2.8377825984332365,1.2647055024148641,0.0404465279254993,0.14467810066287065,42.08326033601749,12.229940539288878,2.7755759877612616,5.122459635424176,-0.8410019041567259,5.035429984402692,0,0
2026-12-29,2.7877529321664407,1.297010449185181,0.035688995302315195,0.14871149444492374,42.634559971689725,11.946449188463614,2.7755759877612616,5.122459635424176,-0.8410019041567259,5.035429984402692,0,0
2026-12-30,2.737723265899645,1.3293153959554982,0.03093146267913109,0.15274488822697682,43.18585960736196,11.662957837638352,2.7755759877612616,5.122459635424176,-0.8410019041567259,5.035429984402692,0,0
2026-12-31,2.687693599632849,1.3616203427258151,0.026173930055947,0.1567782820090299,43.7371592430342,11.379466486813088,2.7755759877612616,5.122459635424176,-0.8410019041567259,5.035429984402692,1,0
